pp,region
Allenstown,Rockhampton
Alligator Creek,Rockhampton
Bakers Creek,Sarina
Berserker,Rockhampton
BLV Capricornia PPVC,Rockhampton
Carmila,Sarina
Cawarral,Coast
Chelona,Sarina
Clermont,Mining
Clermont PPVC,Mining
Collinsville,Mining
Divisional Office (PREPOLL),Rockhampton
Dysart,Mining
Emmaus College,Rockhampton
Emu Park,Coast
Eton,Sarina
Farnborough,Coast
Finch Hatton,Sarina
Frenchville,Coast
Glenden,Mining
Glenmore,Rockhampton
Homebush,Sarina
Keppel Sands,Coast
Koumala,Sarina
Lakes Creek,Rockhampton
Mackay CAPRICORNIA PPVC,Sarina
Marian,Sarina
Middlemount,Mining
Mirani,Sarina
Moranbah Central,Mining
Moranbah Election Day PPVC,Mining
Moranbah PPVC,Mining
Mount Archer,Rockhampton
Nebo,Mining
Norman Gardens,Rockhampton
North Rockhampton,Rockhampton
Ooralea,Sarina
Park Avenue,Rockhampton
Parkhurst,Rockhampton
Rockhampton CAPRICORNIA PPVC,Rockhampton
Rockhampton City,Rockhampton
Rockhampton Northside PPVC,Rockhampton
Rockhampton Range,Rockhampton
Rockhampton South,Rockhampton
Sarina Central,Sarina
Sarina Election Day PPVC,Sarina
Sarina PPVC,Sarina
Special Hospital Team 1,Other
Special Hospital Team 2,Other
Special Hospital Team 3,Other
Special Hospital Team 4,Other
Swayneville,Sarina
Taranganba,Coast
The Caves,Coast
Walkerston,Sarina
West Rockhampton,Rockhampton
Yeppoon,Coast
Yeppoon North,Coast
Yeppoon PPVC,Coast
Allenstown (Capricornia),Rockhampton
Armstrong Beach,Sarina
Brisbane City (Capricornia),Other
Chelona (Capricornia),Sarina
Collinsville PPVC,Mining
Coppabella PPVC,Mining
Dysart PPVC,Mining
Eungella,Sarina
Gargett,Sarina
Middlemount Interstate PPVC,Mining
Rockhampton South (Capricornia),Rockhampton
Sarina Interstate PPVC,Sarina
Special Hospital Team 5,Other
Yeppoon Interstate PPVC,Coast
Applegarth,Sarina
Barmaryee,Coast
Burnett Street,Other
Clermont Interstate PPVC,Mining
Collinsville Interstate PPVC,Mining
Coppabella,Mining
Coppabella Interstate PPVC,Mining
Coppabella Mac Camp PPVC,Mining
Crescent Lagoon,Sarina
Depot Hill,Mining
Dysart Interstate PPVC,Mining
Dysart Mac Camp PPVC,Mining
Koongal,Sarina
Marlborough,Sarina
Moranbah,Mining
Moranbah West,Mining
Nebo Interstate PPVC,Mining
Nebo Mac Camp PPVC,Mining
Norman Road,Rockhampton
North Eton,Sarina
Port Curtis,Rockhampton
Racecourse,Rockhampton
Rockhampton Central,Rockhampton
Rockhampton High School,Rockhampton
Sarina Beach,Sarina
Sarina East,Sarina
Sarina Range,Sarina
St Brendan's College,Coast
St Lawrence,Sarina
Wandal,Rockhampton
Yaamba,Rockhampton
Rockhampton PPVC,Rockhampton
Special Hospital Team 6,Other
Archer Park,Rockhampton
Bajool,Rockhampton
Baree,Rockhampton
Bouldercombe,Rockhampton
Eton North,Sarina
Gracemere,Rockhampton
Mount Morgan,Rockhampton
Walkerston (Capricornia),Sarina
